,ACT__length,ACT__count_below_mean,ACT__ratio_value_number_to_time_series_length,ACT__number_peaks__n_50,"ACT__fft_coefficient__attr_""real""__coeff_21","ACT__fft_coefficient__attr_""real""__coeff_39","ACT__fft_coefficient__attr_""real""__coeff_53","ACT__fft_coefficient__attr_""real""__coeff_55","ACT__fft_coefficient__attr_""real""__coeff_56","ACT__fft_coefficient__attr_""real""__coeff_57","ACT__fft_coefficient__attr_""real""__coeff_58","ACT__fft_coefficient__attr_""real""__coeff_61","ACT__fft_coefficient__attr_""real""__coeff_79","ACT__fft_coefficient__attr_""real""__coeff_84","ACT__fft_coefficient__attr_""real""__coeff_99","ACT__fft_coefficient__attr_""imag""__coeff_44","ACT__fft_coefficient__attr_""imag""__coeff_47","ACT__fft_coefficient__attr_""imag""__coeff_88","ACT__fft_coefficient__attr_""imag""__coeff_97","ACT__fft_coefficient__attr_""abs""__coeff_12","ACT__fft_coefficient__attr_""abs""__coeff_22","ACT__fft_coefficient__attr_""abs""__coeff_77","ACT__fft_coefficient__attr_""angle""__coeff_28","ACT__fft_coefficient__attr_""angle""__coeff_30","ACT__fft_aggregated__aggtype_""centroid""","ACT__fft_aggregated__aggtype_""variance""",ACT__range_count__max_1000000000000.0__min_0,"ACT__linear_trend__attr_""stderr""","ACT__agg_linear_trend__attr_""stderr""__chunk_len_5__f_agg_""max""","ACT__agg_linear_trend__attr_""stderr""__chunk_len_5__f_agg_""mean""","ACT__agg_linear_trend__attr_""stderr""__chunk_len_10__f_agg_""max""","ACT__agg_linear_trend__attr_""stderr""__chunk_len_10__f_agg_""mean"""
0,8636.0,6520.0,0.0130847614636405,67.0,41889.70180190932,7047.246808275649,-13023.19539403545,33965.794282333205,4194.403819290563,36740.38779722109,8092.498282552208,8441.408465818717,32853.83507677281,10978.030439151607,1507.127070684469,9593.177563113328,22631.008000688773,6711.3030409561725,-14641.605340347358,57933.22935932587,19036.298643007663,17958.471932328634,-141.8134334379722,178.05952226301787,1524.0770372063691,1688377.429949894,8636.0,0.0004646257394574,0.0076276696132744,0.0043760838151564,0.0251553055718077,0.0115124210207539
1,9853.0,6963.0,0.0147163300517608,84.0,160035.08969626005,10110.305318153103,25062.31576606241,-38477.292693598654,87833.94198148859,-65354.704626722334,-83357.170788307,13515.082287020505,-68268.63808040858,6326.748260406399,-15176.344591746323,-96098.16927353712,-87492.75629630525,55907.32780502951,-70642.21413899945,167046.4901341804,57386.0974167867,82912.1305326227,-119.96180332228396,-169.00573706574374,1792.0129505499317,2277413.101037249,9853.0,0.0009765974712775,0.0161007188343285,0.0090331199193323,0.0533942812472543,0.0235691315306747
2,10439.0,6721.0,0.0165724686272631,84.0,78782.6156999588,-227598.7020848437,-183532.6273654808,200179.65948515973,-53570.07420266012,-92194.71002429097,-51023.99740027632,-16713.40788568005,51499.08674053494,-40662.936436598815,-52535.17398856926,-96068.09219838669,167803.0174720392,-103675.22102329992,-56436.96390424299,533519.0755418729,300020.86106107687,153546.4567729978,-112.11237906500337,-124.83960829775742,1803.6937744547172,2493831.774555112,10439.0,0.0020709664473471,0.0313753675731244,0.0197397943222197,0.0996057761608759,0.0515892495576005
3,8457.0,5729.0,0.0124157502660517,76.0,-10347.064560323275,-25167.496036351364,-14951.28581298542,31043.37666493372,13746.585358748767,-38042.18397118254,-10943.841131637855,25340.80389034739,7576.412245793364,6071.525786044039,-5736.568093758163,31088.47772396203,-2850.38566547938,-575.4523822866613,13647.511203996726,32235.38098324739,23484.87098094648,38634.74465052335,-116.16377692446017,-21.6426642173313,1619.446091089627,1649488.2223297786,8457.0,0.0004074729413546,0.0064795050844311,0.0034952820567316,0.0207392384525496,0.0089316367597109
4,11475.0,8118.0,0.0102832244008714,96.0,-49401.19836340052,26430.05275492228,25135.75524289434,-20493.503552080736,-18674.22998900111,-8355.387269944706,-20005.42875770177,-55529.66057304545,5518.082465711885,-11088.267001212036,-33483.13970052851,15827.79706485524,25865.755051462205,-75166.07588357585,-11301.869338174,81662.56241686386,81681.20256122242,24516.4148093492,129.57608069767176,-167.58402705159105,2075.3408937597865,3083768.098774373,11475.0,0.0002855196089502,0.0046634587525757,0.0027116222296681,0.015273630226222,0.0071916158102544
5,6131.0,4238.0,0.0249551459794487,48.0,-78500.0285191149,78362.97337903913,579.7940698193647,17922.57394240339,72730.90567554592,-18686.73118697473,59417.13646654922,-55671.8455489248,-14369.603173884763,44794.22920170978,-3489.301889671389,-28785.21124461127,59263.533357093846,40433.99039290999,-25009.3656040954,140072.29366514663,89865.56639127302,7272.463379619468,-157.4247899068552,-80.08858900334671,1049.94751997208,855320.1920682536,6131.0,0.0020934830965346,0.0314158256323919,0.0199628122678214,0.0995470362264305,0.0522334103377819
6,14356.0,9828.0,0.0079409306213429,128.0,-80712.52905199514,36636.32474518628,6142.838277693571,2780.102562677219,-16991.749501411723,-8958.934543779405,-10967.622449699533,35812.07924201295,-29260.16666760995,-33993.59205551566,-12245.228632060784,21626.918238708877,19544.869900989022,-46621.47292581383,3891.708577224931,71807.68875230402,53157.46573898576,73437.62007019515,-6.347217459329968,-170.9525285314347,2545.855146021555,4750937.49369219,14356.0,0.0002210226429551,0.0033577939587385,0.002128048849757,0.0107653416877002,0.0055866682445959
7,12976.0,8720.0,0.0094019728729963,115.0,-75714.93165500401,-14510.863186914856,20487.050146391062,37506.408388710224,50738.29650283919,-15534.45958166943,13101.323130517305,-26994.49038576477,-6325.23321151516,-10767.30970041546,92.80690179355406,-11365.597326929756,-35303.15100244155,5604.467615005116,-21652.29064167476,72929.44443711833,3659.612134341073,16358.836160080871,46.672830056009374,168.48434309082035,2437.315374199694,3870619.637279493,12976.0,0.0002638800546841,0.0044337944448847,0.0024322562365836,0.0146213535592501,0.0064677348398322
8,10461.0,7402.0,0.0154860911958703,78.0,-107748.95322972976,53243.85785109559,-58151.915506313984,155496.6827164509,88360.83999873139,141852.56997234508,-31152.712187735007,-3132.52377348389,58517.49004551212,25571.283980563698,-29169.997408151376,186959.19060243457,-54377.89838245392,-14378.709412030374,-29654.903265012035,315974.72437534947,363142.4800355878,40593.953408458736,-43.4704715522464,-152.8696237745401,1889.693296757274,2486001.4514456205,10461.0,0.0013173665519129,0.0216076897350349,0.0119723996154113,0.0712880966675028,0.0305898720266267
9,10383.0,6470.0,0.0147356255417509,92.0,37909.955224592784,-120421.7858404492,-53894.08259551722,-62960.11795627416,-69436.86360246723,65655.98909657338,259148.93005996043,152697.07348837503,-42778.53388659581,75185.91449251608,-87053.49977247004,-34443.6492804543,24127.700106352808,-118491.3293966124,-12584.570770937442,199718.47255752765,179372.7260039275,81501.54735715754,-90.64131548834952,85.32055583408687,1848.1000677236773,2482680.962604681,10383.0,0.0013483706851127,0.0203028752327717,0.012709936957026,0.0640276391097937,0.0332809237328349
10,9196.0,6504.0,0.0148977816441931,75.0,25656.515130494336,53770.10293462998,87766.40058012813,34790.33440141183,47593.21178400671,38551.38095155283,-95953.58859816444,13218.730314255085,-68405.80007247136,4970.009366402404,-13658.35983987021,21692.157427801765,-37844.61615116345,-48654.18830261729,10831.006777640498,252188.1950469408,27042.176229952,85578.40410081753,-40.26390129332925,81.96878590683802,1577.363327677128,1878542.8604607056,9196.0,0.0012078261820394,0.0184766508707919,0.0114433966749347,0.0585055541929274,0.0293372572757185
11,9999.0,5761.0,0.0148014801480148,91.0,-87048.2554410695,58701.23651843968,-187455.09267123527,-7197.081416241951,96322.7540365051,101538.5091185382,234304.52214566284,-50216.6522066053,47591.30802523698,93137.02936435284,117812.97696538764,23571.50865840246,-26531.666504720783,30512.515334077623,38265.34060892339,274698.47394418163,223416.01533385512,148353.25151723647,46.07669570422047,-107.86907570106904,1713.5379511083993,2260029.927650803,9999.0,0.001431850336813,0.0208132648308815,0.0138083447978855,0.0648865181198845,0.0364544314511763
12,11676.0,7864.0,0.013617677286742,107.0,56124.89265965996,-29535.13471525489,97002.49725377424,1290.2914883575158,-3919.005948884088,155.99416976868497,142438.76783541017,57553.90737087679,-139751.95575105326,93412.39511572554,-17854.85835821488,-104553.91258086138,33632.75289280553,119178.05549901896,47025.81017933309,312040.1019220785,13749.27604794338,134240.23849410162,154.15527594835925,108.86183025740134,2051.7632553928056,3112121.1871824227,11676.0,0.000881215119381,0.0134021396430404,0.0084425875378999,0.0426594175808826,0.022214204337882
13,10195.0,6647.0,0.0168710152035311,88.0,275471.418167697,-61618.32066332014,51101.13089666497,48020.05689241865,13121.694919685397,177820.79907450904,56869.60061804079,103074.17976291868,393.16133240006457,8907.79704939518,95177.38446606172,-52470.09098486421,92905.88792225916,-50326.1901336742,-20877.29655881454,227689.0809588341,213979.41995900375,141365.2809584032,10.3018546554964,139.42175235842544,1784.0330458817978,2294534.114054054,10195.0,0.0018992855741896,0.0306504462338005,0.017718503439615,0.1012594522901709,0.0461157994151315
14,11215.0,7895.0,0.0142666072224699,85.0,35466.34464493918,-154132.89870254093,-113299.09944216147,-69860.88651932596,-67341.04016857716,-62177.659048763606,-40523.52115645024,-30165.89265129427,30459.9890063494,-24902.512077593725,-59128.23229032148,161017.22668271483,-205237.0728698827,-61886.94866341492,-54255.54373930964,160342.10756784072,254269.012141472,8493.923313179734,-74.69814892379783,-12.61022799115002,2018.8454633217864,2875546.2834484098,11215.0,0.0010601506738399,0.0173628406136395,0.0099074119273695,0.0581198755519477,0.0253299082765677
15,9339.0,6053.0,0.0172395331405932,78.0,85839.58123562507,-7792.236932981328,44999.882693472304,-23323.56657586547,-6351.72582939339,15454.025535539828,33619.91560797703,41495.91293090751,73286.13024568342,33272.52501480918,-33031.68941019807,158845.09421812606,-75103.91773228056,-35182.70504562937,31565.801316839978,222993.0592981837,197622.11082192237,23676.309958837228,-84.1146604645968,118.94077960835814,1647.3733950462006,1986635.032500048,9339.0,0.0012283615983992,0.0189468995050542,0.01156180218204,0.0613711853075084,0.0303219775340611
16,9790.0,7043.0,0.0148110316649642,89.0,-105504.2527233122,42152.987074619086,47433.28392576925,-7235.150828177744,-70430.25765122272,13864.003526362943,-59191.58398472728,16737.816669659216,-15238.111773242948,62964.94585041038,932.9918654189482,43534.76245943834,36967.04169650061,97340.11942831676,130210.89961098686,175795.0197448259,68099.62656589843,137645.0528217527,78.9038399566922,52.798952379436166,1600.4191568695478,2093398.7152158583,9790.0,0.0009810726707043,0.0151509367015705,0.0095229917441822,0.0497965796104995,0.0247213041332907
17,10631.0,6491.0,0.0144859373530241,92.0,62856.406444993576,44914.74439966281,8378.164250576147,4307.678088398357,5884.655559851672,-11208.451395623582,57844.81587676477,-145459.22058302266,-24380.094942620824,-218160.98629626396,-8881.71992081945,28387.406500957128,159326.7184005205,-91793.39366945768,79308.84542043852,111658.0315119922,389406.90420410776,169905.66613490868,-37.78240612790514,179.91358308290083,1800.7968441672542,2586987.651674068,10631.0,0.0013415949661736,0.0193686844428085,0.0132717685376931,0.0603064169053029,0.0353675538503752
18,8771.0,5918.0,0.0124273172956333,71.0,-7260.027944842623,11084.961386608922,-12438.728866505106,-9218.684393007446,5245.605815559085,-703.3615930427532,-7502.678270798189,3285.870305938394,6300.968239152491,10905.880282736263,-5738.94408703672,7356.146810304775,6506.536769799283,2621.1887400721166,-3575.397216876044,20566.762520100143,16099.66588649888,4524.099314677123,176.98932443867403,-177.37961698028386,1605.9726058874646,1781940.8395575108,8771.0,0.0003208591028753,0.0052747084819782,0.0029395989017822,0.017488211796505,0.0076367915375722
19,3166.0,1985.0,0.0470625394819962,26.0,33211.50669748767,-27499.01193092537,-33743.4214865857,-23393.534781807622,-5246.606962070546,17627.85300229327,39799.28556280374,-13189.835998761891,12960.201180979897,-28419.8388843358,2812.852506516595,3389.371673217336,13954.36792029815,24198.616220580385,-12928.83863028109,106028.6218992683,38330.73346048247,19426.71100450295,146.59135237593145,146.14060654301983,585.4698000211797,230354.1287303189,3166.0,0.0079704655106769,0.1194387753817412,0.0717746286007317,0.3708470081051306,0.1890320666969711
20,12256.0,7864.0,0.0123204960835509,104.0,104835.74061436424,195759.4565294337,2182.142506778604,94374.6502991564,137438.87097688875,-2323.5644803790183,58435.989321123445,26145.24443716876,-35586.65765773538,-15233.906717638749,-40836.87672461934,130161.09779679262,83730.94527093624,57205.19190806538,-125582.21702845712,336882.5850318262,71468.12737565117,47514.55732048646,-142.85914506147276,104.40301857275963,2260.807196000822,3492417.301102423,12256.0,0.0008051334179701,0.0123623608312288,0.007431940269687,0.0394226455444389,0.0194684857205713
21,10173.0,6600.0,0.0133687211245453,88.0,124236.67805614592,43736.26930159553,-122560.50079161052,27329.84436087716,-21377.16141475877,36256.41797614739,69987.44738280165,44048.80727175106,51870.39459773844,-77830.42389425989,33742.464333205615,-32201.5894532446,24516.99869000823,25992.40230539141,67563.49812039298,79659.50277639176,51501.18088632665,61366.32904742691,117.29733157359892,-71.47081321463284,1874.7832436927304,2401595.6520435927,10173.0,0.0008493073946796,0.0131112670201902,0.0078137303379692,0.0416745274949237,0.020144232128662
22,13822.0,9696.0,0.0108522645058602,115.0,-347254.2946080204,206632.87339855763,-106244.63335669988,26227.26384241945,-7974.329116951883,175562.49128883771,85283.31032868734,4949.039671569061,-21382.052079362285,-178806.0645576423,68638.79376388073,160363.80192032078,105555.16792513616,74638.99626091382,-44711.40877251385,293246.48882653646,127302.6255944154,81275.14604065016,130.47219452655798,-179.85866666559542,2410.6929394572217,4298603.142364704,13822.0,0.000702029035519,0.0110318638781331,0.0066359799491032,0.0362295058883878,0.0170195136234318
23,10555.0,7161.0,0.0133585978209379,83.0,-123325.65388393214,8661.466276797739,565.4194124641435,84261.65526016579,-32095.921925666386,57626.0324200316,92292.27354563768,-10031.00650739385,7883.210462853651,84781.60096142736,-8338.500342570636,-128122.82028735976,-39348.699143240905,3495.661539721965,-53440.94615920284,135465.0250905322,176475.57073341764,100103.06662201489,53.454349214331714,-24.08679606092627,1835.1763011395064,2565400.6152677187,10555.0,0.0009027396464145,0.0138687730557107,0.0088543409993835,0.044070796236308,0.0235621227733828
24,10282.0,7978.0,0.0139078000389029,89.0,-14054.384948181756,-100015.50964054967,100744.21586643804,-173117.45280662988,49103.88437709789,62377.63876175533,-16922.070683545877,21817.93733360232,-18287.78839250681,47717.926918609286,100063.34495919144,-36021.80416768605,-34363.64089096242,30499.91204092221,75279.28825252023,107265.74981295972,105109.61314971422,79350.50533503262,-163.9017640942574,-80.39185942917082,1747.5406010304891,2305752.7737094527,10282.0,0.0008585019816544,0.0139381062595621,0.0080677781652769,0.0449356089356621,0.0211075731939621
25,10434.0,7209.0,0.0132259919493962,84.0,-121978.74660187738,-41726.083336298674,-11652.18948711832,71510.92370609714,2437.938361390504,68332.11062989089,42913.34729218792,2962.465917091115,9019.015693550702,-124063.66036203144,15785.709829504658,-48033.54785061428,-43354.27743906002,-82296.45875026126,-49847.00797307407,129450.40663621518,92587.58948356396,59809.68567591792,-83.24227810906685,-120.3092593626814,1856.540098558818,2471794.361202266,10434.0,0.0007190828314696,0.0114766481043088,0.0066501011312552,0.0380009601112213,0.0173217872656398
26,9982.0,6537.0,0.0146263273893007,92.0,-38124.83343416762,-7520.440024713922,56428.72053226629,-74719.39555932532,127565.4946141726,94980.29789363338,-81798.86316845578,36459.53510700794,-59338.5579922171,75472.12504717178,-129259.92891998736,-159207.1895228735,-35238.49132700027,26637.93792095748,11465.998408637988,151989.46575071456,129650.75129298512,30905.78938944925,-96.76851141978344,137.4821991367037,1627.633772299762,2158087.448616154,9982.0,0.0012638263557262,0.018715920221861,0.0121952701084625,0.0593580285943206,0.0316659432673
27,10345.0,7513.0,0.014499758337361,81.0,291245.1296732108,-81138.69841349298,64364.44184500779,129529.10918724396,-14984.80113357446,-26057.2972674964,36898.37778875716,23666.071415125367,9696.756632080404,4025.599089345189,-1800.2976878880409,-170036.44362276365,-5343.917867097684,21780.582650174976,-101376.98339058818,134665.91382027828,213464.06575212596,121481.39573936224,101.38813049187948,105.35798230194436,1695.1928704959755,2331983.9701040024,10345.0,0.0013471296498837,0.020395554827848,0.0131351721029674,0.0655972218867632,0.0341582495445707
28,9987.0,7089.0,0.0129167918293781,85.0,56459.06872619355,-96808.65480157112,51123.174472556646,-76019.33353440449,-62494.01296020703,60144.76888725399,-44126.50702299198,19391.9799106145,-63752.24618762372,-56022.72737712404,-15464.925875102135,6034.098828202359,-42715.48871501532,-33341.980756270685,-49307.57290300095,14260.157294225764,53856.622877295726,29616.472429872763,125.87496700603724,49.14928528934685,1788.1188474418614,2202649.783866637,9987.0,0.0007967395289016,0.0128256348031823,0.0071919125368409,0.0415274674766421,0.0181836362091706
29,9590.0,6822.0,0.0161626694473409,86.0,-58125.916541925006,-83317.05959785297,-94865.36616554292,-51077.01705382249,23915.73287915111,-64045.944023265925,-61331.059160710734,-245180.0013926405,-46943.038290188415,-32644.69793787449,-137448.6604372963,-4448.3314153296105,105191.29825653536,23767.92344584848,-79019.08418624292,148820.34901821025,67306.30022277424,30684.33489827885,-37.458699200356754,166.7769832617347,1678.6575672095826,2077104.9967467035,9590.0,0.0013259141179339,0.0214059973066985,0.0122467133702026,0.0702792749171202,0.0315327769862507
30,9867.0,6480.0,0.0156075808249721,83.0,8759.828774664493,-232541.14492393515,209120.4661461757,-31491.78795905473,13332.582367875271,98225.76458958164,-119599.5004010945,30906.42945093049,52989.80739436481,-59369.84916945968,34457.1690994488,-84720.65019202666,120422.54970417486,-98515.78036045542,71968.34319177383,447578.4575379186,77032.1067540601,98359.14619114425,6.048602056061194,-17.435952727266624,1689.1331652179592,2134170.304676466,9867.0,0.0017705681901906,0.0270934827628013,0.0166097775837816,0.0864677498821571,0.0429318947144765
31,9611.0,5953.0,0.0170637810841743,73.0,-217871.6228091461,92417.84595468784,45899.60050144576,-76937.11714738738,-55788.90329729229,154287.44448613268,-146380.96423850665,-170184.2011565964,82276.52020365433,-144160.7393130353,-2670.497394426937,75128.69137606115,-64104.97125292797,74957.70014885403,-54328.6571061934,135066.90285618533,87300.36392675343,192905.01254168124,94.32855482130596,18.83842533168934,1614.7395724407604,2073657.478815944,9611.0,0.0015512025702296,0.0235200357502779,0.0150362166709357,0.0760560522233566,0.0395778581705017
32,9770.0,6472.0,0.0151484135107471,81.0,74926.84284087042,17938.641355606174,-20218.017503645813,137647.44246248115,571.3727123615099,39175.83241515936,1412.5619760083136,-60217.050106604685,140412.9112238545,-50266.27325806528,-4677.533372956232,31820.061531789244,-96559.17471478348,-59287.5858915508,-5583.800939656518,231070.27821992047,91567.66987342776,62383.11503831635,-47.98481903878167,-98.5015590915056,1719.7440297933083,2156048.4431894445,9770.0,0.001178490960508,0.0180127581170226,0.0111995314446402,0.0579451191779249,0.0293184230985875
33,10579.0,6564.0,0.0147461952925607,87.0,7967.197041155583,-69043.15050936713,148334.1183377663,61446.33656427516,-33965.994894504445,-69521.36230481949,-128063.4109446338,-124266.68514926724,-99773.0466030062,135502.3518992181,43709.06270181565,-43508.38329228587,74803.2104392329,-17916.169996907644,110598.6917051181,150214.66684321573,201364.59567236,164039.16753715722,42.08268652853598,-123.09873013538768,1791.3500755943276,2557751.623484916,10579.0,0.0014833934093997,0.0220126183249408,0.0147229465649493,0.0702242485965177,0.0396275388964197
34,9539.0,7303.0,0.0169829122549533,80.0,-96865.08107229696,-30696.86821385904,-77354.5623677293,7885.662684114541,21006.59110342081,61947.658982835565,-70317.8277535003,78062.26752635372,62519.015705123806,-16275.589304425815,-52554.96323078605,-116429.44472698422,61352.9237327962,11152.700334356594,-9369.993752318513,119751.52856027288,82476.25320936814,76745.18362687659,-52.432849775090496,43.72748197130807,1646.9311154671157,2055457.725590812,9539.0,0.0010606106589894,0.0173756461806429,0.0102210685476537,0.0569536977652227,0.0273028119792141
35,9707.0,7420.0,0.0166889873287318,81.0,1948.0958187939868,74815.14951151339,39790.58808071484,104948.2084298654,-1465.8915466561084,21533.140014633693,63149.14182877647,-5168.6384359359545,-15231.081942627512,71895.66131610911,43290.84975675187,-138051.7344466997,58545.80078495315,13336.4311942215,-65035.18263855929,191050.78250710905,37362.88619850149,131571.33355368892,5.206136968588801,103.53690171478593,1678.12741487029,2124088.12052762,9707.0,0.0010330697729431,0.0166791493700819,0.0099320963674877,0.0558119025016313,0.0265260128793507
36,10093.0,6907.0,0.0164470425047062,81.0,-42704.74824452323,159512.01375640143,51177.89665035062,-49214.83624159251,-91196.72029172452,242260.26185804876,229884.6649828833,-86658.7680823218,24046.30663703186,149193.83654290217,24296.114774609792,-25925.500017092592,-95841.18131848834,16027.341075204764,-60136.86570534869,362396.4615559755,121831.0668798456,158116.24776402998,69.89865551279345,54.84452754785286,1762.9432698748592,2289515.1526058656,10093.0,0.0016661038971088,0.0269147857500793,0.0158109660799485,0.0876758667536393,0.0414034733423867
37,10385.0,6463.0,0.0147327876745305,95.0,184730.57414415845,-90227.07490672884,-79943.62378844779,-210265.8762397009,-13510.165826913488,-119788.548766899,-117811.287519831,-75975.33308457871,-61812.60558149184,31729.964963243736,-16318.544513588198,99021.4334135706,-44828.520713935584,-96523.1354662386,-46650.02263064866,287846.7585144466,221773.66549246688,42670.73501009033,-101.78758444524894,59.62376753858722,1838.8309664458584,2499184.381982291,10385.0,0.0014503170531741,0.0209061530888855,0.0139551785789354,0.0639025698011831,0.036915950430313
38,9518.0,6425.0,0.015444421096869,79.0,-12309.964690649314,-4630.859206130179,-2685.7096516508027,147401.8685699488,166345.43454177256,-37683.79732781224,35247.06902861036,124380.89825836426,86345.20569385149,3939.570456108213,-65910.6355496145,54228.128362039206,-142457.1642176832,-152082.1363626484,16581.30135551944,469766.5840598008,131236.63307977622,22851.53370330962,-25.98270545998019,-118.12402475277187,1674.8411363213745,2047299.486471693,9518.0,0.0014471327057348,0.0221718182852308,0.0135522635347816,0.0713040008443592,0.0351225409290128
39,10203.0,7715.0,0.0158776830344016,82.0,-176958.94667241702,85444.74876843463,49037.500965840256,-23315.571958121396,-125055.09293946996,91495.9229317183,92165.74316226756,56033.45183976759,46583.3242651669,-123738.45751289224,122956.6580371326,-131499.60232476087,-85338.56754418285,-51200.63349028361,86402.50400165413,108503.39948664069,131884.47223149217,152206.84106223087,-95.69949734879692,129.60438762123005,1667.7592462839514,2241058.249791437,10203.0,0.0013395415855486,0.0210187105538758,0.0130075872600584,0.0701091085954222,0.0335244729404744
40,10012.0,7243.0,0.0159808230123851,84.0,-213814.6323955489,70340.07176691564,101594.8906692855,270687.28086240485,136768.14070068536,-117867.67388748562,-40555.42341667912,96197.19861669563,-114503.30486815036,57048.53323672591,-54964.06698209426,287674.7404712578,14183.911640388387,-11264.99239259526,-70621.22271094943,310496.18925865163,206146.55588055804,62700.0986253486,65.34824368954145,-27.61951116576412,1720.580277837763,2242365.8401968456,10012.0,0.0013218261722846,0.0215640757998181,0.0124589943424668,0.0720305175877811,0.0323587637093637
41,9911.0,7157.0,0.0166481687014428,81.0,32742.010094972327,87745.70351955522,129604.9306029349,183907.74197540525,-63740.45327596826,-119467.37064334564,-131424.26760354554,-38582.81605702776,16627.0146219905,115795.1003562476,61526.33958456379,-31733.491920368804,104998.15187351956,-20191.770176207207,-173730.14009506512,305013.01944295835,306909.6644760956,106792.8316828079,8.56324978572347,-157.71562245305373,1635.398448210687,2134312.8345748056,9911.0,0.0017563662503181,0.0272073344459761,0.016760733549709,0.0877051794716766,0.0436101704564309
42,10797.0,7314.0,0.0145410762248772,97.0,-205500.09501058023,67929.55091098037,-4598.62111885547,-66256.12982071009,-113062.5836734756,37779.69610060968,73016.19467324078,-108372.2878249982,-135656.0983599424,-14959.66577720842,164084.0926085093,16868.867071542834,-34575.141062017414,47647.86278243104,115217.64240747808,198119.0103624346,71898.97875069601,125741.91742924984,77.09281863775784,-106.7517357716457,1840.430867975428,2579678.5532526257,10797.0,0.0011712907650334,0.0178209543063052,0.0110743521969143,0.0563899513314984,0.0291811983044723
43,10005.0,6854.0,0.016191904047976,82.0,35968.307182967226,-33243.51362057718,11768.52049098328,-38043.01256534869,82321.10412490851,126125.064024259,11878.45605939523,-29289.31959370384,33293.9380045965,-29670.443207320248,22403.43519319741,135094.20197242615,101334.29106119135,-15958.360411736645,-137646.60919742926,145070.9985716736,133518.16393708726,127285.24209201094,-69.49898086200105,-77.92306665459303,1742.333885225146,2262206.618053291,10005.0,0.0012538022981986,0.0195383668556645,0.0118550450794416,0.0643235438775481,0.0305314709453238
44,10080.0,7142.0,0.0165674603174603,85.0,43621.71650107828,106618.90927776504,35405.5140694166,-143899.4790100061,-19751.3241731449,-128999.39580700525,-23358.102764746,-778.0616948065667,-168827.6931322127,-54393.90445969244,45521.87755248866,-87517.87595787071,68283.32232269745,-15651.658721123587,150144.1721744036,329270.8816175849,143739.13293494415,149603.90319506067,118.5018089106518,94.46027352390593,1675.8828348644804,2294957.298712596,10080.0,0.0017338602154273,0.0268734695946539,0.0167986307094482,0.0858713411938246,0.0442672534688026
45,4812.0,3308.0,0.0311720698254364,40.0,62870.699037799466,23572.758385082845,-4013.87298484512,-20129.8214577599,-41955.94307662337,-29855.41525829457,46934.39973757336,7649.170290082742,-13923.645282199626,55632.86895941742,-49791.05783379288,-7635.475669596188,-104382.0679948088,-80570.9918287452,-51922.47923956253,221878.2999815053,149743.5553603689,23324.969723521208,-46.73404102381351,-114.28144482244956,759.4953246661767,500105.8420959044,4812.0,0.0053196065414629,0.0776525324580739,0.0532631330770913,0.2450869763959002,0.1425302350391523
46,10207.0,7000.0,0.0152836288821397,91.0,-29764.36429133299,-144961.50937795802,-102991.4179872528,-67716.61847867136,48649.02853738047,30226.762990536143,8012.141089337926,53047.10489430037,91874.40037307767,27426.7748021626,-11682.848667956368,6653.924692106416,-198252.47339951276,43287.94512055982,112952.06551835252,292869.647882236,14925.56396111473,89707.85722716642,-81.8524599699351,3.685636976046347,1675.1140563098693,2288657.2984030265,10207.0,0.0014175208550969,0.0213047807270522,0.0139297039477665,0.067871736449964,0.0363883685906182
47,4244.0,2685.0,0.0381715362865221,33.0,29445.09497815621,12487.64802947763,-11194.321462892727,37896.602352047004,-17005.47970825019,-1407.975146269775,-39932.64534865087,-11332.41513252268,-27239.048809288568,25846.33548756408,54440.64019446848,-23829.19917199903,31187.5014418049,-32892.27942780642,8882.825585107468,81958.69045610979,28959.99426396529,18999.795250644213,124.59342962851926,64.05313500070531,729.6213138348919,404727.43443956936,4244.0,0.0052187767251134,0.0807021421685821,0.04886195342439,0.2562447135423029,0.1278749668715869
48,10670.0,7484.0,0.0151827553889409,88.0,-165513.57961402374,128691.85741927833,-155042.2652281787,-10230.460404735595,-74280.30538208492,-89744.94114176763,-4962.706031783835,68795.50234626658,-93085.25557732912,235563.21247768647,-50957.609248459936,-70018.65417976372,-131813.224443195,49261.84621258195,82124.98200763029,379166.9481727607,277403.16385107016,46687.71162331742,47.29514110193204,-15.766147729728717,1839.6731715407825,2562459.778560462,10670.0,0.0014633877676458,0.0232632747442524,0.0139748979491312,0.0762793035651301,0.0368322704337613
49,10805.0,7081.0,0.0146228597871355,96.0,-25172.123468393565,-40050.21455983345,59674.44604176388,-80854.87517349576,-73900.83609563566,-168836.43912786507,21742.410523350813,-79533.95492687022,-113154.08188737632,-87557.89298299377,80533.06687574508,-147825.94957033312,-52406.73367002772,102280.24159064224,55675.76301495936,203509.35175305905,69520.36274634807,79928.36247116794,162.90667400606944,90.57646453084622,1893.7238926681032,2616079.845067374,10805.0,0.001212336144961,0.0184985439483333,0.0116159646508847,0.0593798898027063,0.0304846280225838
50,11326.0,7975.0,0.0143033727706162,88.0,94816.10203723791,-17226.275014967832,10127.390430235682,-24097.154659165757,202580.5748706531,93962.18968930996,88776.13123542847,-62304.13853008946,100646.28338588816,4926.137795263499,-51659.52568545152,-41792.37283215287,-215870.20024104716,62922.374928322446,-20688.67699863318,335423.96242560376,271466.91937694524,85744.20820179033,95.72885846564698,-156.86011822321856,1799.1134601293218,2844116.125714319,11326.0,0.0010285191016341,0.0154415560850718,0.0102958053517334,0.0496631472054011,0.0273537654700106
51,10097.0,6815.0,0.0138655046053283,81.0,110934.6875153485,67246.28937498141,-30225.695445293204,-516.0315578853333,109045.6342936095,32725.95041324592,81365.44973892835,-13957.276164773397,-50021.38841838397,-106675.38926361236,-40104.73089882892,20815.74309508624,18487.3868961774,61177.40439528336,-12738.579928226976,144959.9846150996,165925.20957789096,111141.0018470111,166.1226516602527,-76.20878822603163,1735.0319748450177,2335234.7995970477,10097.0,0.0009689172346229,0.0147475586953297,0.0093069959483638,0.0470391791606804,0.0244766331708332
52,10081.0,6702.0,0.0162682273583969,84.0,267807.2600583709,-152344.87903187447,-214616.54553160307,89746.40210718033,214699.62741975725,-10750.436101289502,120472.35649719925,-85937.56437678351,-57167.0007240936,40282.521748068735,-31044.2672166931,-51242.10309090132,39660.108893597695,31812.778417127683,-14269.810581877467,384298.45932155126,177657.0893494215,66941.94223738661,151.6080437844386,-61.104730422930025,1656.564492545961,2291204.5291029364,10081.0,0.0015975531422521,0.024203515916089,0.015931211292839,0.0796928731036974,0.0420383929744109
53,10856.0,7879.0,0.0138172439204126,100.0,-8382.158756336226,75275.03093593038,-35809.14559826409,-36149.12076647914,56139.24226460687,45870.62568448334,-3328.3433097772268,62125.22874030899,-20854.05331661961,49296.41297690175,55931.307465920574,-14071.875322908145,-52589.86948868434,-26734.939663216137,-57680.199874724014,199917.81034390215,84490.16286246294,64002.24903663683,-153.75099829840656,135.9022395828588,1985.0731335897824,2587179.4458097243,10856.0,0.0007829053741478,0.0134917454977448,0.006852644379405,0.0457795852519319,0.0173508224418726
54,10230.0,6843.0,0.0145650048875855,81.0,-134466.18320292045,10948.543286865144,-128630.30163243228,135498.23669502296,140047.9754690306,-58156.37562355609,-21431.47414478995,94534.5025273328,-78975.04655102149,113020.99072228716,-29916.50736403094,8366.996492186121,-171513.4148226294,78445.20404657378,-40296.77453064517,257687.5691071896,118605.30903918804,166511.27719681407,55.8885906453966,-71.0853187868209,1738.5917742280208,2322172.9090587064,10230.0,0.0011306246373226,0.0173577604250967,0.0108271034139757,0.0555424210223033,0.0281403077478002
55,8738.0,6999.0,0.0181963836118104,43.0,-62486.47114772099,41340.1646738353,88232.94333361213,-34711.09162841435,-2741.8184702452427,47230.32135106575,21193.53554489031,21487.952385359007,-58357.98725438837,-64993.74868680534,154296.5307929779,-3812.6357074636753,24418.219009343997,-22305.60960926775,61141.915843473005,105810.69393443812,85591.97231779504,132919.02100682916,-24.38946856450545,175.24440258791287,1461.9676996394403,1733891.8858605395,8738.0,0.0012962559545118,0.0213725501404747,0.0127650846163867,0.0719364139142674,0.0335438225512228
56,10386.0,7470.0,0.0157904871943,80.0,116490.66861664892,103980.16851507394,-78129.98071782947,-20156.74713361761,178506.74335733816,-183095.51414062225,228295.71632763185,-98269.1823953829,-59331.80588674672,67171.29673564187,5519.8792768315325,-156505.16270810412,-206335.45085686076,107608.40561031444,-51736.60276802495,81326.98093572937,223178.87091939012,189818.94309489348,166.25564522662316,-179.01447418471906,1651.35681514098,2436334.1824006545,10386.0,0.0012441693168203,0.0178736916220355,0.0125437143810938,0.0565066753998897,0.0336732338333302
57,10992.0,7450.0,0.0137372634643377,98.0,200995.83345318603,-46075.17319791549,68955.0101494558,116397.37205559276,63804.59574311792,-22110.50529377673,-83260.74737499378,149658.4009576809,-1831.70204269643,48710.28299360381,-102078.29957657596,81301.87498717512,47329.53644976669,92125.22544488015,-64344.01300428135,9786.039033538613,224538.8245621488,43444.51439766563,-25.4366923457402,-108.29495191119288,1885.1789524149533,2694926.5347103984,10992.0,0.0009657735450373,0.0148779551393174,0.0090999945334086,0.0481956818323229,0.0236108354476388
58,8594.0,5502.0,0.0173376774493832,72.0,31576.01386612373,192953.53021918252,-58773.142060905455,-87758.33551921975,-160615.1672302714,62888.62192398391,48907.76242583842,7078.476125705193,13877.413811668588,-53830.37407864813,37248.34598056101,-19448.395564440085,93616.1093867557,77917.71686239688,-24499.445599127444,101135.7622361038,55417.25349768291,136287.72727778647,-77.11623123188843,95.25845875749724,1547.5837570280803,1680371.269383884,8594.0,0.0018045814138631,0.027504629591128,0.0170666380760321,0.0899279546592781,0.0441557590027658
59,10317.0,7203.0,0.0147329650092081,87.0,98536.72091622802,-182817.70702096703,-11258.97879468063,169945.28001387266,69934.52119017321,-16209.115010754927,-170302.64880404458,383.71034539371067,172288.39758226878,46465.71728799908,15396.717496527262,87257.7128352976,51734.74051998036,-77380.39856744357,63746.30457431152,105290.9797415217,351093.1006041996,25121.94119913047,-100.5311500176325,124.84755772148732,1729.4112695197512,2367297.551785661,10317.0,0.0013403261618407,0.0206325032057462,0.0129622606626442,0.0656543550074085,0.0342998262681024
60,7866.0,5149.0,0.0199593185863208,54.0,-5541.980002580651,-63316.181383439136,57029.44407730848,-22107.119516953557,23208.60676203432,-75420.920954282,28937.383038014686,-6714.417016834108,-17717.15707953828,-40730.71619184389,-23290.561591311616,43845.89086834769,-67923.31070338277,44765.64300246083,-31513.221191192475,401204.9812580171,264214.8736318484,52905.4992049263,88.51634288023612,-18.71402515859362,1375.4138802039486,1446578.7267413756,7866.0,0.0021822585189077,0.032695120206988,0.0212382395303666,0.1039489586308256,0.0567342518100198
61,9022.0,5893.0,0.0164043449346043,71.0,1229.9750069554511,-10894.034730832833,-47372.49472559616,-64722.54725159095,23601.39218087114,82656.20655994778,8944.820950014597,-36449.062863667656,-22941.1519624524,-5147.173688950548,-40304.48968073401,-42799.42094689682,167817.38221230922,-12848.41724988548,39200.20138340112,295841.6216806286,172355.2449921011,126198.26508194364,69.76091410574764,-96.56852948970396,1526.3366669439033,1868784.646772419,9022.0,0.0011618186284017,0.0172563441088032,0.011347141800684,0.0548981269726119,0.0301252108652189
62,8745.0,6046.0,0.0186392224128073,67.0,38534.866562414696,-98829.3928042861,173913.45895724435,-38603.8634687739,-41942.46827828158,207417.80789633785,-95059.17966899324,9027.242130074088,-252163.93932160427,15202.587705395676,115729.57721277195,-226746.98491783548,124953.86085335985,-15640.677572711942,-28195.03006098777,236384.6659614943,164898.18952056087,171654.1639300372,136.2241818518036,109.14893522738512,1493.597597393206,1737069.3451540773,8745.0,0.0019993956145369,0.0308367435196502,0.0194112723729702,0.0992720670265149,0.0507321351156232
63,10661.0,8013.0,0.0137885751805646,102.0,-93833.60343422776,101520.41127687656,90648.42489496504,49552.35322447607,-57206.6548892073,156658.61014658326,-12036.542502428158,106943.72844342788,76277.94883646109,-22523.265510178717,-84144.8510416352,23240.03158135112,-29772.456120188708,18363.353584682343,16127.166545416345,73066.8384682729,212194.2532274023,65117.30316121733,150.34655102201933,9.905043577423111,1828.2882872661835,2527699.3255129065,10661.0,0.0009955974342999,0.0158961757057929,0.0094268237594218,0.051390227898951,0.024921319808409
64,11216.0,7931.0,0.0124821683309557,96.0,27376.527216775758,141301.6310005089,108307.18206007792,6220.813075806828,-181790.4031392079,55743.16393132762,8714.994547276521,74892.12317289792,-129033.14205932594,98000.58143101544,56608.95652851013,-145087.12815945508,-116964.90708968816,-2864.3209702576387,-65047.21838117937,158300.5551193958,40669.30029719731,104264.99208736289,36.472529727895726,81.77909199476044,1977.5764582857369,2766069.227279706,11216.0,0.0007981784346527,0.0128340331987559,0.0072906173532539,0.0418285191100934,0.0187540402536842
65,9314.0,5302.0,0.0162121537470474,89.0,-306750.48735802755,-98452.52996753008,141594.90096087437,-44960.15979494082,1329.7683163745332,-105791.69374114662,65278.57947744624,-37625.17759835312,-17395.10639705482,-71601.726734792,44529.49682861775,144012.70021071396,-84596.95061881236,4984.70400464773,-23352.55259375672,381512.4767584304,135947.70076183887,140029.4680187372,55.93968189293157,-21.315449251212645,1707.3315686212954,2002247.221809765,9314.0,0.0014361320762666,0.0207978568137238,0.0129768450900981,0.064827623993982,0.0335470581804331
66,10255.0,6882.0,0.0158946855192589,88.0,-33488.40091439791,39313.01243069368,-117845.10554424304,-63192.10463452608,183255.9534826322,-144218.82988049282,15176.549419635012,169893.87741752848,43206.7005258774,30769.185892836515,28100.027463025723,94718.72716660808,-82182.46690018525,-68382.79547041951,61565.5351229718,215208.7523022503,319531.7716108247,265304.0361625265,-9.75242633119205,88.36157097151785,1787.0687459519097,2362673.659122352,10255.0,0.001669875055576,0.0262197991099204,0.0158785561263324,0.0839310710742389,0.0421593995715489
67,14607.0,9978.0,0.0087629218867666,130.0,9831.187664248951,-54582.09299997614,10655.160980634691,10819.18031525427,-50873.36160234975,93842.83085827516,6758.869902719303,25953.46932568556,46569.27208974347,40959.59974833381,50118.371763054274,-13934.72473389228,2923.072747749012,-11372.165135632267,-5914.400174908318,23826.71050786087,96759.06914555744,44094.74210021281,99.85932680343709,-0.3542060139682189,2733.05554658539,4970395.410333914,14607.0,0.0002589247551898,0.0042235042684817,0.0023911925722988,0.0138457467382183,0.006246828260617
68,8698.0,6137.0,0.0148309956311795,84.0,-36381.044564350406,14625.867731668612,-12355.377069640206,-30914.700770683048,-37434.33686819501,13770.96281397639,-33020.51492673819,33291.669639778615,-45321.6539053146,-43639.51961347014,435.0031459971142,88760.22248066333,14194.786273723745,-37288.66447495208,6314.689121893163,83799.23777198806,114024.6315264959,85122.95302562106,-59.95499269649586,13.824149649672682,1571.1850388518496,1715437.8029880915,8698.0,0.0009824956745142,0.0158107161864719,0.0089584905273806,0.0508912216029113,0.0231409027106616
69,10272.0,7036.0,0.0150895638629283,86.0,-68576.26454710297,-39076.38201744623,-68727.97936965921,-90784.27653116896,-142879.10346407542,-103678.42540027786,-73433.34019246654,55668.153382141536,23323.503993836675,-59862.22544839104,8944.67562932242,-27221.973360555538,-85857.948359767,23214.256214312605,-23666.844229121773,157865.0140805334,127232.22903917488,34057.28464515453,44.691453592775005,-143.11380696351787,1883.951433936996,2339823.3773616496,10272.0,0.0012801170385995,0.0207856305172432,0.0111230071455588,0.0672620012061707,0.0278911039871606
70,10200.0,7276.0,0.0136274509803921,86.0,59269.30670282014,15302.394966170326,44119.34998638442,31384.493754326344,-6535.4891952212965,-89241.39794076445,2.0694964515405445,113367.1288255617,12582.296133717004,-10129.695227900513,-61260.15098225679,40455.75740003671,-28051.11554937608,-31444.349502443158,2257.2240518154267,149717.6692859542,130148.60801402188,110482.77096484108,35.0011128338402,-159.4650433182654,1758.3803424974797,2395100.5808084523,10200.0,0.0008430817515887,0.0127787134244738,0.0080769371483029,0.0407259724174432,0.0208665747960449
71,9537.0,6456.0,0.0158330711963929,71.0,13443.379465187016,239642.1319572055,102157.85170780974,-134145.8615900415,2725.660426829289,-44203.84942074699,118317.02670102225,99417.765708692,-42339.34437222476,77270.77200501016,-46429.01852539554,37750.72744732425,100702.08066118143,-49236.80586195114,77933.12766142111,140773.7201338366,3457.221832278281,94839.099147393,175.10508629764865,172.1197432229545,1605.901205182889,2049091.523096128,9537.0,0.0016766252585834,0.023825550188127,0.0166493582298454,0.0738680401567271,0.0446071641309786
72,9739.0,7019.0,0.0151966320977513,86.0,2491.709941513367,6948.733948795147,-13305.734900241398,95987.8172022817,-189593.76890655965,17200.38255840395,-63456.20723648772,41369.28565771155,58542.30665720719,-30597.120195553693,42736.71914916912,108385.92790109114,45160.23683970665,-8905.129606878741,61619.32629961066,175177.90624405237,65524.08964837995,13827.749350734068,11.1414343389664,-18.58824326160977,1698.9695460354226,2112055.743474558,9739.0,0.0012564993267425,0.0197308579340936,0.0117275600040815,0.0643143738295913,0.0302609422358968
73,10715.0,7301.0,0.0132524498366775,91.0,28447.38767940801,-3865.883839430435,-75049.8583056737,-37024.41215452214,-3427.064456214699,-36056.37841186616,-35252.177175765166,44994.04715786746,51026.26151577453,-11697.278023581785,27006.4475290095,70240.61358681403,-42368.68473307908,24938.951250322567,-20761.799505638155,26722.11580397991,200141.5755227775,67677.53110409742,40.27202484408068,149.63314447896803,1898.2242218061813,2579364.9782741503,10715.0,0.0008374730052815,0.012850003181623,0.0077583267031887,0.0412293201808478,0.0200841338668097
74,9604.0,6553.0,0.0159308621407746,81.0,59908.05042016437,18859.43577811381,-82149.23037952973,54706.30233659048,-69558.63774046933,-18412.042309299635,-42150.90466283189,-20780.12824637948,68450.55062007652,102049.27288665,-81048.54161000944,31583.71455366707,-57870.388006851805,-54180.25433140826,-103470.75934275174,178494.02293744095,105529.9600557058,79265.70505879402,-172.1306222002803,-173.63171266042522,1722.6836838670235,2190599.451468258,9604.0,0.0014775412305504,0.0226964699319827,0.0143508961645032,0.0721203287146703,0.0384809585781772
75,9978.0,6902.0,0.0151332932451393,87.0,81938.83430562951,96118.42467176545,35160.19750282439,-30013.206332362457,12154.297451377335,103871.10805671276,18137.13401331693,-11851.095736739167,-38234.454821706575,-51135.9783999507,-98981.84868271668,-27836.49625217341,220414.29452011915,-151642.78631854866,19418.771135589097,300813.57737541187,58781.672036085336,98052.26485343618,25.409385448565285,138.24209998627134,1776.1240959794204,2268707.2893465986,9978.0,0.0013997852038097,0.0222459892159492,0.0130523533666216,0.0720746201469264,0.034258492580339
76,8592.0,6027.0,0.0160614525139664,74.0,66027.07824864285,-90411.130744146,-92192.96032085552,31699.733811743437,33324.305764601086,67274.71535352047,-9233.51010744216,-57099.38774994019,-48442.33216498852,-12456.329276633896,31092.34611381469,-4062.538233776721,63509.51012771372,-90554.7605468312,-11161.706261451993,246459.3046742232,52370.69567217817,35579.61967112304,31.934077889179605,32.87899258841977,1548.6410185045183,1637326.9103199705,8592.0,0.0014274680249006,0.0220687470946548,0.0129880781061777,0.0693765480286825,0.0334361745952772
77,10639.0,6823.0,0.0140990694614155,87.0,25418.678771798932,-3046.51231583568,-22383.516281558936,-32732.874822415324,-7678.878572961476,-49314.45726933748,53029.05136867943,-5691.170078425297,17534.747829883614,12264.054982633228,-50823.347531877225,-44825.90588562514,16267.352960994758,-6970.029494264592,-76716.67420485539,300607.7170158463,244788.2258952287,34328.838624168726,-95.08562836063444,40.45730905948124,1856.272634166724,2533528.116082132,10639.0,0.0010526234318164,0.0158406042735848,0.0101343407442857,0.0503553548281929,0.02699610509825
78,12023.0,8780.0,0.0111453048324045,108.0,-51100.09190857092,-35946.08609960508,102970.38286309404,-16921.65977370407,25583.71060082724,14948.298972787705,-63896.17782587533,52780.4878219424,-11537.77441791773,-3139.4056794739363,-4947.8993406354975,-12288.317352476146,-28354.94334246298,47606.21542055646,8901.13165303012,120893.79500753256,50087.55636834694,39254.04805078429,168.76682574915216,34.4807842969853,2169.9640235061006,3252660.5314009115,12023.0,0.0005479542254758,0.0087907691052736,0.0049510086879756,0.0288712699937444,0.012694743444752
79,10758.0,7638.0,0.013106525376464,92.0,82309.87035026844,-20358.92057858584,22619.384716303,116338.10730424104,18965.2031427154,48656.47779042488,-87674.47929780942,-15027.307551972192,-54460.11412744837,65645.44961844725,-5568.691851771375,19246.398852693343,20603.669335941348,-16563.41557620861,22985.23544482857,129701.89358012444,155248.5288219064,105037.21267066278,-55.82433877890151,-126.78533514928274,1857.7068802834283,2527922.460776956,10758.0,0.00093188212133,0.0146161652252579,0.0086559962110832,0.0474626032835873,0.0222193749751485
80,9872.0,7060.0,0.0148905996758508,88.0,88453.52298285508,2186.4385204901555,74457.88869245176,59378.03956932419,-11171.850285354703,-61342.72345933488,-98022.18664954408,5220.178834523678,-127092.72902591537,65566.20528829077,-24710.475063162183,-6932.854413896635,-64122.47647972921,-63747.797115925714,13463.802560097492,177999.0272999237,85762.2803015836,49617.58118799355,158.58410853873164,-23.57630101612548,1695.7906056424392,2163668.931094241,9872.0,0.0010329240313118,0.0166311364041788,0.0096333685859198,0.0528939325082237,0.0247427224151719
81,9445.0,6395.0,0.0164107993647432,83.0,44778.68193554522,100115.18752953412,-57546.67773220458,60842.04053247567,30647.7828406831,20268.450426289182,36456.814270704446,83747.05989388612,-73495.80096835944,115462.60428827608,-66894.35070084533,-58767.16799350882,121864.88016382304,-11990.642610867044,67056.05109154298,164140.23590065376,218898.9001600456,48285.78050963547,-97.25153462567722,26.25977722607941,1696.6369545383732,2051122.478334186,9445.0,0.0014612618378653,0.0235478774866661,0.0136889174403207,0.076466323031073,0.0357585499969762
82,10565.0,6606.0,0.0138192143871273,91.0,54771.848963838565,99114.81745268896,-76243.73193341144,-207239.4187084585,-159063.55183449906,102213.44174486343,42096.4615702078,-153738.8740814042,-82655.644565556,106436.24033556746,54542.83877028869,-143474.88328587927,-17936.473690949802,27010.77026864989,25018.25461305142,200452.18318976008,208190.45983503803,50614.66912887952,179.721590928315,37.74748204820181,1865.131527197176,2565692.8258034587,10565.0,0.0013992910818567,0.0201686945348906,0.0135016878225671,0.0618929599481774,0.0358370876099494
83,9262.0,6414.0,0.0179226948823148,80.0,236931.7430373091,-13685.868046123189,75523.77915376476,65772.33580628275,-114814.73290808153,176278.44379310298,221832.5343493642,-14247.263666617937,158961.51273533335,-21231.41565703664,62267.79902103605,-94319.5397443249,17510.12940010231,-35290.178433029665,136421.32752307242,188244.68321610577,120990.26345807732,120872.60518909144,-33.18211273113869,30.505395946918075,1542.3476292547116,1937941.974957842,9262.0,0.001975295450881,0.0312187623656414,0.0194247516537774,0.1018724118506852,0.0518848620815176
84,9500.0,6203.0,0.016,72.0,44518.016119700274,128830.7518309211,-34457.52705109343,71331.3576755329,16338.16874600289,-85988.99667368832,-107292.35036015144,150550.3796609179,-47178.96925313978,24391.15251100858,133926.64212740868,-39375.7959820104,605.4460724499959,-6431.215860039783,-33145.02112162208,580452.3873461594,184721.7837801036,36959.10150111541,144.12181022291637,-13.004442120824145,1624.8014614946533,2034527.5459902931,9500.0,0.0017126879229827,0.0245777964024235,0.0169672634482626,0.0754841594639756,0.0456435999809513
